,dataset,elapse_time,coherence_score,diversity_score
0,short,1108.2212753295898,0.5253610318144086,0.6842105263157895
1,short_no_sw,793.5913066864014,0.5515105100660067,0.8172413793103448
2,short_no_sw_ngram,710.7036108970642,0.4256152443925452,0.82
3,long,1290.7411575317383,0.3463529145693388,0.1
4,long_no_sw,684.0148055553436,0.41495616288413745,0.16363636363636364
5,long_no_sw_ngram,574.2580454349518,0.3725610143893569,0.1590909090909091
