,dataset,elapse_time,coherence_score,diversity_score
0,short,1455.0728402137756,0.5310797533197149,0.5192307692307693
1,short_no_sw,1042.684265613556,0.5584690340823536,0.8681818181818182
2,short_no_sw_ngram,1053.0435745716095,0.45664934875298824,0.8
3,long,1758.1867897510529,0.34578229181921616,0.0782608695652174
4,long_no_sw,829.2892813682556,0.4122967770614583,0.190625
5,long_no_sw_ngram,699.4895689487457,0.373327241144019,0.17142857142857143
